{
  "generator-jhipster": {
    "promptValues": {
      "packageName": "com.ocbc.soa"
    },
    "jhipsterVersion": "5.8.2",
    "applicationType": "microservice",
    "baseName": "SBService3",
    "packageName": "com.ocbc.soa",
    "packageFolder": "com/ocbc/soa",
    "serverPort": "8087",
    "authenticationType": "jwt",
    "cacheProvider": "no",
    "enableHibernateCache": false,
    "websocket": false,
    "databaseType": "no",
    "devDatabaseType": "no",
    "prodDatabaseType": "no",
    "searchEngine": false,
    "messageBroker": false,
    "serviceDiscoveryType": "eureka",
    "buildTool": "maven",
    "enableSwaggerCodegen": true,
    "jwtSecretKey": "Y2Q0YzFkOTExNTExOWQ5ZDI3ZDAyMTM4NGUzNWY3MDA3NWY4ZjlmNjkyODAwOWVjZTlkMmMwNzMwMTVjMWNhZTU5Mjk5MTJlNzNlNDVkNGM4MDhjYjNhOWU1MmM3ODgwY2UyNzJjZjcwMWUyNWQ5YjM0NDEyYmVlYjQyMjNkOWU=",
    "testFrameworks": [
      "gatling"
    ],
    "jhiPrefix": "jhi",
    "entitySuffix": "",
    "dtoSuffix": "DTO",
    "otherModules": [],
    "enableTranslation": false,
    "clientPackageManager": "npm",
    "skipClient": true,
    "skipUserManagement": true
  }
}